{
  "profile": {
    "version": "1.0",
    "productKey": "kqzlCjqP485",
    "name":"空气质量采集器-PL-485-AQ",
    "snType":[
	"31743020012",//P-CV-PL-485-AQ
	"32043020012" //ESCV-PL-485-AQ
    ]
  },
  "mb_map":{
    "nb_bits":0,
    "start_bits":0,

    "nb_input_bits":0,
    "start_input_bits":0,

    "nb_registers":0,
    "start_registers":0,

    "nb_input_registers":5,
    "start_input_registers":1
  },
  "nodes": [
    {
      "identifier": "temperature",
      "name": "当前温度",
      "accessMode": "r",
      "desc": "function",
      "required": false,
      "dataType": {
        "type": "double",
        "specs": {
          "min": -7999,
          "max": 7999,
          "step": 1,
          "unit": "℃",
          "unitName": "摄氏度"
        }
      },
      "originalDataType": {
        "specs": {
          "registerCount": 1,
          "reverseRegister": 0,
          "swap16": 0
        },
        "type": "int16"
      },
      "writeOnly": 0,
      "registerAddress": 30001,
      "scaling": 10,
      "writeFunctionCode": 0,
      "operateType": "inputRegister",
      "pollingTime": 1000,
      "trigger": 1
    },
    {
      "identifier": "humidness",
      "name": "当前湿度",
      "accessMode": "r",
      "desc": "function",
      "required": false,
      "dataType": {
        "type": "double",
        "specs": {
          "min": 0,
          "max": 1000,
          "step": 1,
          "unit": "％"
        }
      },
      "originalDataType": {
        "specs": {
          "registerCount": 1,
          "reverseRegister": 0,
          "swap16": 0
        },
        "type": "uint16"
      },
      "writeOnly": 0,
      "registerAddress": 30002,
      "scaling": 10,
      "writeFunctionCode": 0,
      "operateType": "inputRegister",
      "pollingTime": 1000,
      "trigger": 1
    },
    {
      "identifier": "pm25",
      "name": "pm25 ",
      "accessMode": "r",
      "desc": "function",
      "required": false,
      "dataType": {
        "type": "double",
        "specs": {
          "min": 0,
          "max": 9999,
          "step": 1,
          "unit": "μg/m³",
          "unitName": "μg/m³"
        }
      },
      "originalDataType": {
        "specs": {
          "registerCount": 1,
          "reverseRegister": 0,
          "swap16": 0
        },
        "type": "int16"
      },
      "writeOnly": 0,
      "registerAddress": 30003,
      "scaling": 1,
      "writeFunctionCode": 0,
      "operateType": "inputRegister",
      "pollingTime": 1000,
      "trigger": 1
    },
    {
      "identifier": "co2",
      "name": "二氧化碳 ",
      "accessMode": "r",
      "desc": "function",
      "required": false,
      "dataType": {
        "type": "double",
        "specs": {
          "min": 0,
          "max": 9999,
          "step": 1,
          "unit": "ppm",
          "unitName": "ppm"
        }
      },
      "originalDataType": {
        "specs": {
          "registerCount": 1,
          "reverseRegister": 0,
          "swap16": 0
        },
        "type": "int16"
      },
      "writeOnly": 0,
      "registerAddress": 30004,
      "scaling": 1,
      "writeFunctionCode": 0,
      "operateType": "inputRegister",
      "pollingTime": 1000,
      "trigger": 1
    },
    {
      "identifier": "hcho",
      "name": "甲醛 ",
      "accessMode": "r",
      "desc": "function",
      "required": false,
      "dataType": {
        "type": "double",
        "specs": {
          "min": 0,
          "max": 9999,
          "step": 1,
          "unit": "mg/m3",
          "unitName": "mg/m3"
        }
      },
      "originalDataType": {
        "specs": {
          "registerCount": 1,
          "reverseRegister": 0,
          "swap16": 0
        },
        "type": "int16"
      },
      "writeOnly": 0,
      "registerAddress": 30005,
      "scaling": 100,
      "writeFunctionCode": 0,
      "operateType": "inputRegister",
      "pollingTime": 1000,
      "trigger": 1
    }
  ]
}
