{
  "profile": {
    "version": "1.0",
    "productKey": "lianwangCom",
    "name":"联网温控器通用功能",
    "snType":[
	"31712010021",//P-TK-05-FC-5R-A
	"31712010016",//P-TK-05-2FC-B
	"31712010029",//P-TK-05-FC-3R10V-A
	"32012010029" //ESTK-05-FC-3R10V-A
    ]
  },
  "mb_map":{
    "nb_bits":0,
    "start_bits":0,

    "nb_input_bits":0,
    "start_input_bits":0,

    "nb_registers":10,
    "start_registers":1,

    "nb_input_registers":4,
    "start_input_registers":1
  },
  "nodes": [
    {
      "identifier": "model",
      "name": "工作模式",
      "accessMode": "rw",
      "desc": "function",
      "required": false,
      "dataType": {
        "type": "enum",
        "specs": [
          "cold",
          "heat",
	  "fan"	
        ]
      },
      "originalDataType": {
        "specs": {
          "registerCount": 1,
          "reverseRegister": 0,
          "swap16": 0,
          "min": 0,
          "max": 2,
          "step": 1
        },
        "type": "enum"
      },
      "writeOnly": 1,
      "registerAddress": 40001,
      "scaling": 1,
      "writeFunctionCode": 6,
      "operateType": "holdingRegister",
      "pollingTime": 1000,
      "trigger": 1
    },
    {
      "identifier": "power_on",
      "name": "开关机",
      "accessMode": "rw",
      "desc": "function",
      "required": false,
      "dataType": {
        "type": "bool"
      },
      "originalDataType": {
        "specs": {
          "registerCount": 1,
          "reverseRegister": 0,
          "swap16": 0
        },
        "type": "bool"
      },
      "writeOnly": 0,
      "registerAddress": 40002,
      "scaling": 1,
      "writeFunctionCode": 6,
      "operateType": "holdingRegister",
      "pollingTime": 1000,
      "trigger": 1
    },
    {
      "identifier": "temperature",
      "name": "设定温度",
      "accessMode": "rw",
      "desc": "function",
      "required": false,
      "dataType": {
        "type": "double",
        "specs": {
          "min": 5,
          "max": 35,
          "step": 1,
          "unit": "℃"
        }
      },
      "originalDataType": {
        "specs": {
          "registerCount": 1,
          "reverseRegister": 0,
          "swap16": 0
        },
        "type": "uint16"
      },
      "writeOnly": 0,
      "registerAddress": 40003,
      "scaling": 1,
      "writeFunctionCode": 6,
      "operateType": "holdingRegister",
      "pollingTime": 1000,
      "trigger": 1
    },
    {
      "identifier": "rev_speed",
      "name": "风速",
      "accessMode": "rw",
      "desc": "function",
      "required": false,
      "dataType": {
        "type": "enum",
        "specs": [
          "low",
          "middle",
	  "high",
	  "auto"	
        ]
      },
      "originalDataType": {
        "specs": {
          "registerCount": 1,
          "reverseRegister": 0,
          "swap16": 0,
          "min": 0,
          "max": 3,
          "step": 1
        },
        "type": "enum"
      },
      "writeOnly": 1,
      "registerAddress": 40004,
      "scaling": 1,
      "writeFunctionCode": 6,
      "operateType": "holdingRegister",
      "pollingTime": 1000,
      "trigger": 1
    },
    {
      "identifier": "low_temp_enable",
      "name": "低温保护",
      "accessMode": "rw",
      "desc": "function",
      "required": false,
      "dataType": {
        "type": "bool"
      },
      "originalDataType": {
        "specs": {
          "registerCount": 1,
          "reverseRegister": 0,
          "swap16": 0
        },
        "type": "bool"
      },
      "writeOnly": 0,
      "registerAddress": 40005,
      "scaling": 1,
      "writeFunctionCode": 6,
      "operateType": "holdingRegister",
      "pollingTime": 1000,
      "trigger": 1
    },
    {
      "identifier": "lock_panel",
      "name": "面板锁定",
      "accessMode": "rw",
      "desc": "function",
      "required": false,
      "dataType": {
        "type": "bool"
      },
      "originalDataType": {
        "specs": {
          "registerCount": 1,
          "reverseRegister": 0,
          "swap16": 0
        },
        "type": "bool"
      },
      "writeOnly": 0,
      "registerAddress": 40006,
      "scaling": 1,
      "writeFunctionCode": 6,
      "operateType": "holdingRegister",
      "pollingTime": 1000,
      "trigger": 1
    },
    {
      "identifier": "date",
      "name": "年月日, 22-04-15",
      "accessMode": "rw",
      "desc": "function",
      "required": false,
      "dataType": {
        "type": "text",
        "specs": {
          "length": 8
        }
      },
      "originalDataType": {
        "specs": {
          "registerCount": 2,
          "reverseRegister": 0,
          "swap16": 0
        },
        "type": "date"
      },
      "writeOnly": 0,
      "registerAddress": 40007,
      "scaling": 1,
      "writeFunctionCode": 6,
      "operateType": "holdingRegister",
      "pollingTime": 1000,
      "trigger": 1
    },
    {
      "identifier": "time",
      "name": "时分秒,10:23:40",
      "accessMode": "rw",
      "desc": "function",
      "required": false,
      "dataType": {
        "type": "text",
        "specs": {
          "length": 8
        }
      },
      "originalDataType": {
        "specs": {
          "registerCount": 2,
          "reverseRegister": 0,
          "swap16": 0
        },
        "type": "time"
      },
      "writeOnly": 0,
      "registerAddress": 40009,
      "scaling": 1,
      "writeFunctionCode": 6,
      "operateType": "holdingRegister",
      "pollingTime": 1000,
      "trigger": 1
    },
    {
      "identifier": "current_temp",
      "name": "当前温度",
      "accessMode": "r",
      "desc": "function",
      "required": false,
      "dataType": {
        "type": "double",
        "specs": {
          "min": -7999,
          "max": 7999,
          "step": 1,
          "unit": "℃",
          "unitName": "摄氏度"
        }
      },
      "originalDataType": {
        "specs": {
          "registerCount": 1,
          "reverseRegister": 0,
          "swap16": 0
        },
        "type": "int16"
      },
      "writeOnly": 0,
      "registerAddress": 30001,
      "scaling": 10,
      "writeFunctionCode": 0,
      "operateType": "inputRegister",
      "pollingTime": 1000,
      "trigger": 1
    },
    {
      "identifier": "humidness",
      "name": "当前湿度",
      "accessMode": "r",
      "desc": "function",
      "required": false,
      "dataType": {
        "type": "double",
        "specs": {
          "min": 0,
          "max": 1000,
          "step": 1,
          "unit": "％"
        }
      },
      "originalDataType": {
        "specs": {
          "registerCount": 1,
          "reverseRegister": 0,
          "swap16": 0
        },
        "type": "uint16"
      },
      "writeOnly": 0,
      "registerAddress": 30002,
      "scaling": 10,
      "writeFunctionCode": 0,
      "operateType": "inputRegister",
      "pollingTime": 1000,
      "trigger": 1
    },
    {
      "identifier": "low_temperature_protection",
      "name": "低温保护",
      "accessMode": "r",
      "desc": "alarm",
      "required": false,
      "dataType": {
        "type": "bool"
      },
      "originalDataType": {
        "specs": {
          "registerCount": 1,
          "reverseRegister": 0,
          "swap16": 0
        },
        "type": "bool"
      },
      "writeOnly": 0,
      "registerAddress": 30003,
      "scaling": 1,
      "writeFunctionCode": 0,
      "operateType": "inputRegister",
      "pollingTime": 1000,
      "trigger": 1
    },
    {
      "identifier": "sensor_fault",
      "name": "传感器故障",
      "accessMode": "r",
      "desc": "alarm",
      "required": false,
      "dataType": {
        "type": "bool"
      },
      "originalDataType": {
        "specs": {
          "registerCount": 1,
          "reverseRegister": 0,
          "swap16": 0
        },
        "type": "bool"
      },
      "writeOnly": 0,
      "registerAddress": 30004,
      "scaling": 1,
      "writeFunctionCode": 0,
      "operateType": "inputRegister",
      "pollingTime": 1000,
      "trigger": 1
    }
  ]
}
