{
  "profile": {
    "version": "1.0",
    "productKey": "shuangguicl",
    "name":"双轨窗帘控制模块",
    "snType":[
	"32011040012",//ESACT-CC2-AC-A
	"31711040101" //ESACT-CC2-AC 双轨窗帘控制器ESCC-AC-II
    ]
  },
  "mb_map":{
    "nb_bits":0,
    "start_bits":0,

    "nb_input_bits":0,
    "start_input_bits":0,

    "nb_registers":4,
    "start_registers":1,

    "nb_input_registers":2,
    "start_input_registers":1
  },
  "nodes": [
    {
      "identifier": "curtain_operation_ch1",
      "name": "通道1控制",
      "accessMode": "w",
      "desc": "function",
      "required": false,
      "dataType": {
        "type": "enum",
        "specs": [
          "stop",
          "on",
	  "off"
        ]
      },
      "originalDataType": {
        "specs": {
          "registerCount": 1,
          "reverseRegister": 0,
          "swap16": 0,
          "min": 1,
          "max": 3,
          "step": 1
        },
        "type": "enum"
      },
      "writeOnly": 1,
      "registerAddress": 40001,
      "scaling": 1,
      "writeFunctionCode": 6,
      "operateType": "holdingRegister",
      "pollingTime": 1000,
      "trigger": 1
    },
    {
      "identifier": "curtain_percent_ch1",
      "name": "通道1最终开合度百分比",
      "accessMode": "w",
      "desc": "function",
      "required": false,
      "dataType": {
        "type": "double",
        "specs": {
          "min": 0,
          "max": 100,
          "step": 1,
          "unit": "%"
        }
      },
      "originalDataType": {
        "specs": {
          "registerCount": 1,
          "reverseRegister": 0,
          "swap16": 0
        },
        "type": "uint16"
      },
      "writeOnly": 1,
      "registerAddress": 40002,
      "scaling": 1,
      "writeFunctionCode": 6,
      "operateType": "holdingRegister",
      "pollingTime": 1000,
      "trigger": 1
    },
    {
      "identifier": "curtain_operation_ch2",
      "name": "通道2控制",
      "accessMode": "w",
      "desc": "function",
      "required": false,
      "dataType": {
        "type": "enum",
        "specs": [
          "stop",
          "on",
	  "off"
        ]
      },
      "originalDataType": {
        "specs": {
          "registerCount": 1,
          "reverseRegister": 0,
          "swap16": 0,
          "min": 1,
          "max": 3,
          "step": 1
        },
        "type": "enum"
      },
      "writeOnly": 1,
      "registerAddress": 40003,
      "scaling": 1,
      "writeFunctionCode": 6,
      "operateType": "holdingRegister",
      "pollingTime": 1000,
      "trigger": 1
    },
    {
      "identifier": "curtain_percent_ch2",
      "name": "通道2最终开合度百分比",
      "accessMode": "w",
      "desc": "function",
      "required": false,
      "dataType": {
        "type": "double",
        "specs": {
          "min": 0,
          "max": 100,
          "step": 1,
          "unit": "%"
        }
      },
      "originalDataType": {
        "specs": {
          "registerCount": 1,
          "reverseRegister": 0,
          "swap16": 0
        },
        "type": "uint16"
      },
      "writeOnly": 1,
      "registerAddress": 40004,
      "scaling": 1,
      "writeFunctionCode": 6,
      "operateType": "holdingRegister",
      "pollingTime": 1000,
      "trigger": 1
    },
    {
      "identifier": "current_percent_ch1",
      "name": "通道1当前开合度百分比",
      "accessMode": "r",
      "desc": "function",
      "required": false,
      "dataType": {
        "type": "double",
        "specs": {
          "min": 0,
          "max": 100,
          "step": 1,
          "unit": "%"
        }
      },
      "originalDataType": {
        "specs": {
          "registerCount": 1,
          "reverseRegister": 0,
          "swap16": 0
        },
        "type": "uint16"
      },
      "writeOnly": 0,
      "registerAddress": 30001,
      "scaling": 1,
      "writeFunctionCode": 0,
      "operateType": "inputRegister",
      "pollingTime": 1000,
      "trigger": 1
    },
    {
      "identifier": "current_percent_ch2",
      "name": "通道2当前开合度百分比",
      "accessMode": "r",
      "desc": "function",
      "required": false,
      "dataType": {
        "type": "double",
        "specs": {
          "min": 0,
          "max": 100,
          "step": 1,
          "unit": "%"
        }
      },
      "originalDataType": {
        "specs": {
          "registerCount": 1,
          "reverseRegister": 0,
          "swap16": 0
        },
        "type": "uint16"
      },
      "writeOnly": 0,
      "registerAddress": 30002,
      "scaling": 1,
      "writeFunctionCode": 0,
      "operateType": "inputRegister",
      "pollingTime": 1000,
      "trigger": 1
    }
  ]
}
