{
	"profile": {
		"version": "1.0",
		"productKey": "vrvcontrolC",
		"name": "多联机空调控制器C",
		"snType": [
			"31711100007", //P-ACT-MSAC-C-63(485)
			"31711100008", //P-ACT-MSAC-C-PL(485)
			"32011100007", //ESACT-MSAC-C-63(485)
			"32011100008" //ESACT-MSAC-C
		]
	},
	"mb_map": {
		"nb_bits": 0,
		"start_bits": 0,

		"nb_input_bits": 0,
		"start_input_bits": 0,

		"nb_registers": 1280,
		"start_registers": 1,

		"nb_input_registers": 1280,
		"start_input_registers": 1
	},
	"nodes": [
		{
			"identifier": "slave_index/%d/slave_addr",
			"name": "空调内机号",
			"accessMode": "r",
			"collection": true,
			"desc": "function/slave_status",
			"isMultiReg": true,
			"multiRegStep": 10,
			"multiRegNums": 128,
			"required": false,
			"dataType": {
				"type": "double",
				"specs": {
					"min": 0,
					"max": 255,
					"step": 1
				}
			},
			"originalDataType": {
				"specs": {
					"registerCount": 1,
					"reverseRegister": 0,
					"swap16": 0
				},
				"type": "uint16"
			},
			"writeOnly": 0,
			"registerAddress": 30001,
			"scaling": 1,
			"writeFunctionCode": 0,
			"operateType": "inputRegister",
			"pollingTime": 1000,
			"trigger": 1
		},
		{
			"identifier": "slave_index/%d/slave_outdoor_addr",
			"name": "空调外机号",
			"accessMode": "r",
			"collection": true,
			"desc": "function/slave_status",
			"isMultiReg": true,
			"multiRegStep": 10,
			"multiRegNums": 128,
			"required": false,
			"dataType": {
				"type": "double",
				"specs": {
					"min": 0,
					"max": 255,
					"step": 1
				}
			},
			"originalDataType": {
				"specs": {
					"registerCount": 1,
					"reverseRegister": 0,
					"swap16": 0
				},
				"type": "uint16"
			},
			"writeOnly": 0,
			"registerAddress": 30002,
			"scaling": 1,
			"writeFunctionCode": 0,
			"operateType": "inputRegister",
			"pollingTime": 1000,
			"trigger": 1
		},
		{
			"identifier": "slave_index/%d/exist",
			"name": "内机是否存在",
			"accessMode": "r",
			"collection": true,
			"desc": "function/slave_status",
			"isMultiReg": true,
			"multiRegStep": 10,
			"multiRegNums": 128,
			"required": false,
			"dataType": {
				"type": "double",
				"specs": {
					"min": 0,
					"max": 1,
					"step": 1
				}
			},
			"originalDataType": {
				"specs": {
					"registerCount": 1,
					"reverseRegister": 0,
					"swap16": 0
				},
				"type": "uint16"
			},
			"writeOnly": 0,
			"registerAddress": 30003,
			"scaling": 1,
			"writeFunctionCode": 0,
			"operateType": "inputRegister",
			"pollingTime": 1000,
			"trigger": 1
		},
		{
			"identifier": "slave_index/%d/online",
			"name": "内机是否在线",
			"accessMode": "r",
			"collection": true,
			"desc": "function/slave_status",
			"isMultiReg": true,
			"multiRegStep": 10,
			"multiRegNums": 128,
			"required": false,
			"dataType": {
				"type": "double",
				"specs": {
					"min": 0,
					"max": 1,
					"step": 1
				}
			},
			"originalDataType": {
				"specs": {
					"registerCount": 1,
					"reverseRegister": 0,
					"swap16": 0
				},
				"type": "uint16"
			},
			"writeOnly": 0,
			"registerAddress": 30004,
			"scaling": 1,
			"writeFunctionCode": 0,
			"operateType": "inputRegister",
			"pollingTime": 1000,
			"trigger": 1
		},
		{
			"identifier": "slave_index/%d/error",
			"name": "故障码",
			"accessMode": "r",
			"collection": true,
			"desc": "function/slave_status",
			"isMultiReg": true,
			"multiRegStep": 10,
			"multiRegNums": 128,
			"required": false,
			"dataType": {
				"type": "double",
				"specs": {
					"min": 0,
					"max": 65535,
					"step": 1
				}
			},
			"originalDataType": {
				"specs": {
					"registerCount": 1,
					"reverseRegister": 0,
					"swap16": 0
				},
				"type": "uint16"
			},
			"writeOnly": 0,
			"registerAddress": 30005,
			"scaling": 1,
			"writeFunctionCode": 0,
			"operateType": "inputRegister",
			"pollingTime": 1000,
			"trigger": 1
		},
		{
			"identifier": "slave_index/%d/return_air_temperature",
			"name": "回风温度",
			"accessMode": "r",
			"collection": true,
			"desc": "function/slave_status",
			"isMultiReg": true,
			"multiRegStep": 10,
			"multiRegNums": 128,
			"required": false,
			"dataType": {
				"type": "double",
				"specs": {
					"min": -7999,
					"max": 7999,
					"step": 1,
					"unit": "℃",
					"unitName": "摄氏度"
				}
			},
			"originalDataType": {
				"specs": {
					"registerCount": 1,
					"reverseRegister": 0,
					"swap16": 0
				},
				"type": "int16"
			},
			"writeOnly": 0,
			"registerAddress": 30006,
			"scaling": 10,
			"writeFunctionCode": 0,
			"operateType": "inputRegister",
			"pollingTime": 1000,
			"trigger": 1
		},
		{
			"identifier": "slave_index/%d/slave_mode",
			"name": "工作模式",
			"accessMode": "rw",
			"collection": true,
			"desc": "function/slave_status",
			"isMultiReg": true,
			"multiRegStep": 10,
			"multiRegNums": 128,
			"required": false,
			"dataType": {
				"type": "enum",
				"specs": [
					"unkonwn",
					"cold",
					"heat",
					"wind",
					"dry",
					"auto"
				]
			},
			"originalDataType": {
				"specs": {
					"registerCount": 1,
					"reverseRegister": 0,
					"swap16": 0,
					"min": 0,
					"max": 5,
					"step": 1
				},
				"type": "enum"
			},
			"writeOnly": 0,
			"registerAddress": 40001,
			"scaling": 1,
			"writeFunctionCode": 6,
			"operateType": "holdingRegister",
			"pollingTime": 1000,
			"trigger": 1
		},
		{
			"identifier": "slave_index/%d/slave_switch",
			"name": "开关机",
			"accessMode": "rw",
			"collection": true,
			"desc": "function/slave_status",
			"isMultiReg": true,
			"multiRegStep": 10,
			"multiRegNums": 128,
			"required": false,
			"dataType": {
				"type": "bool"
			},
			"originalDataType": {
				"specs": {
					"registerCount": 1,
					"reverseRegister": 0,
					"swap16": 0
				},
				"type": "bool"
			},
			"writeOnly": 0,
			"registerAddress": 40002,
			"scaling": 1,
			"writeFunctionCode": 6,
			"operateType": "holdingRegister",
			"pollingTime": 1000,
			"trigger": 1
		},
		{
			"identifier": "slave_index/%d/slave_speed",
			"name": "风速",
			"accessMode": "rw",
			"collection": true,
			"desc": "function/slave_status",
			"isMultiReg": true,
			"multiRegStep": 10,
			"multiRegNums": 128,
			"required": false,
			"dataType": {
				"type": "enum",
				"specs": [
					"unkonwn",
					"low",
					"middle",
					"high",
					"auto",
					"gear-1",
					"gear-2",
					"gear-3",
					"gear-4",
					"gear-5",
					"gear-6",
					"gear-7"
				]
			},
			"originalDataType": {
				"specs": {
					"registerCount": 1,
					"reverseRegister": 0,
					"swap16": 0,
					"min": 0,
					"max": 11,
					"step": 1
				},
				"type": "enum"
			},
			"writeOnly": 1,
			"registerAddress": 40003,
			"scaling": 1,
			"writeFunctionCode": 6,
			"operateType": "holdingRegister",
			"pollingTime": 1000,
			"trigger": 1
		},
		{
			"identifier": "slave_index/%d/slave_temperature",
			"name": "设定温度",
			"accessMode": "rw",
			"collection": true,
			"desc": "function/slave_status",
			"isMultiReg": true,
			"multiRegStep": 10,
			"multiRegNums": 128,
			"required": false,
			"dataType": {
				"type": "double",
				"specs": {
					"min": 16,
					"max": 30,
					"step": 1,
					"unit": "℃"
				}
			},
			"originalDataType": {
				"specs": {
					"registerCount": 1,
					"reverseRegister": 0,
					"swap16": 0
				},
				"type": "uint16"
			},
			"writeOnly": 0,
			"registerAddress": 40004,
			"scaling": 1,
			"writeFunctionCode": 6,
			"operateType": "holdingRegister",
			"pollingTime": 1000,
			"trigger": 1
		}
	]
}
