{
  "profile": {
    "version": "1.0",
    "productKey": "wenshidu485",
    "name":"温湿度传感器,通过PLC转485模块支持的标准modbus传感器",
    "snType":[
	"31721100007",//P-SN-TH-C
	"32021100007" //ESSN-TH-C
    ]
  },
  "mb_map":{
    "nb_bits":0,
    "start_bits":0,

    "nb_input_bits":0,
    "start_input_bits":0,

    "nb_registers":0,
    "start_registers":0,

    "nb_input_registers":3,
    "start_input_registers":1
  },
  "nodes": [
    {
      "identifier": "temperature",
      "name": "当前温度",
      "accessMode": "r",
      "desc": "function",
      "required": false,
      "dataType": {
        "type": "double",
        "specs": {
          "min": -7999,
          "max": 7999,
          "step": 1,
          "unit": "℃",
          "unitName": "摄氏度"
        }
      },
      "originalDataType": {
        "specs": {
          "registerCount": 1,
          "reverseRegister": 0,
          "swap16": 0
        },
        "type": "int16"
      },
      "writeOnly": 0,
      "registerAddress": 30001,
      "scaling": 10,
      "writeFunctionCode": 0,
      "operateType": "inputRegister",
      "pollingTime": 1000,
      "trigger": 1
    },
    {
      "identifier": "humidness",
      "name": "当前湿度",
      "accessMode": "r",
      "desc": "function",
      "required": false,
      "dataType": {
        "type": "double",
        "specs": {
          "min": 0,
          "max": 1000,
          "step": 1,
          "unit": "％"
        }
      },
      "originalDataType": {
        "specs": {
          "registerCount": 1,
          "reverseRegister": 0,
          "swap16": 0
        },
        "type": "uint16"
      },
      "writeOnly": 0,
      "registerAddress": 30002,
      "scaling": 10,
      "writeFunctionCode": 0,
      "operateType": "inputRegister",
      "pollingTime": 1000,
      "trigger": 1
    },
    {
      "identifier": "external_temperature",
      "name": "外部ntc温度 ",
      "accessMode": "r",
      "desc": "function",
      "required": false,
      "dataType": {
        "type": "double",
        "specs": {
          "min": -7999,
          "max": 7999,
          "step": 1,
          "unit": "℃",
          "unitName": "摄氏度"
        }
      },
      "originalDataType": {
        "specs": {
          "registerCount": 1,
          "reverseRegister": 0,
          "swap16": 0
        },
        "type": "int16"
      },
      "writeOnly": 0,
      "registerAddress": 30003,
      "scaling": 10,
      "writeFunctionCode": 0,
      "operateType": "inputRegister",
      "pollingTime": 1000,
      "trigger": 1
    }
  ]
}
