{
  "profile": {
    "version": "1.0",
    "productKey": "chuanglNoOc",
    "name":"单轨窗帘控制模块，无开度控制",
    "snType":[
	"31711040001",//ESACT-CC1-AC
	"31711040011" //P-ACT-CC1-AC-B
    ]
  },
  "mb_map":{
    "nb_bits":0,
    "start_bits":0,

    "nb_input_bits":0,
    "start_input_bits":0,

    "nb_registers":1,
    "start_registers":1,

    "nb_input_registers":0,
    "start_input_registers":0
  },
  "nodes": [
    {
      "identifier": "curtain_operation",
      "name": "通道1控制",
      "accessMode": "w",
      "desc": "function",
      "required": false,
      "dataType": {
        "type": "enum",
        "specs": [
          "stop",
          "on",
	  "off"
        ]
      },
      "originalDataType": {
        "specs": {
          "registerCount": 1,
          "reverseRegister": 0,
          "swap16": 0,
          "min": 1,
          "max": 3,
          "step": 1
        },
        "type": "enum"
      },
      "writeOnly": 1,
      "registerAddress": 40001,
      "scaling": 1,
      "writeFunctionCode": 6,
      "operateType": "holdingRegister",
      "pollingTime": 1000,
      "trigger": 1
    }
  ]
}
