{
  "profile": {
    "version": "1.0",
    "productKey": "switch4chCt",
    "name":"四路开关执行器CT",
    "snType":[
	"31711050005",//ESACT-4S16A-63-CT
	"32011050005",//ESACT-4S16A-63-CT
	"31711050009",//P-ACT-4S16A-CT-63	
	"32011050009" //ESACT-4S16A-CT-63
    ]
  },
  "mb_map":{
    "nb_bits":4,
    "start_bits":1,

    "nb_input_bits":0,
    "start_input_bits":0,

    "nb_registers":0,
    "start_registers":0,

    "nb_input_registers":8,
    "start_input_registers":1
  },
  "nodes": [
    {
      "identifier": "channel/1/switch",
      "name": "第1通道开关",
      "accessMode": "rw",
      "collection": true,
      "desc": "function/channel_collection",
      "required": false,
      "dataType": {
        "type": "bool"
      },
      "originalDataType": {
        "specs": {
          "registerCount": 1,
          "reverseRegister": 0,
          "swap16": 0
        },
        "type": "bool"
      },
      "writeOnly": 0,
      "registerAddress": 1,
      "scaling": 1,
      "writeFunctionCode": 5,
      "operateType": "coilStatus",
      "pollingTime": 1000,
      "trigger": 1
    },
    {
      "identifier": "channel/2/switch",
      "name": "第2通道开关",
      "accessMode": "rw",
      "collection": true,
      "desc": "function/channel_collection",
      "required": false,
      "dataType": {
        "type": "bool"
      },
      "originalDataType": {
        "specs": {
          "registerCount": 1,
          "reverseRegister": 0,
          "swap16": 0
        },
        "type": "bool"
      },
      "writeOnly": 0,
      "registerAddress": 2,
      "scaling": 1,
      "writeFunctionCode": 5,
      "operateType": "coilStatus",
      "pollingTime": 1000,
      "trigger": 1
    },
    {
      "identifier": "channel/3/switch",
      "name": "第3通道开关",
      "accessMode": "rw",
      "collection": true,
      "desc": "function/channel_collection",
      "required": false,
      "dataType": {
        "type": "bool"
      },
      "originalDataType": {
        "specs": {
          "registerCount": 1,
          "reverseRegister": 0,
          "swap16": 0
        },
        "type": "bool"
      },
      "writeOnly": 0,
      "registerAddress": 3,
      "scaling": 1,
      "writeFunctionCode": 5,
      "operateType": "coilStatus",
      "pollingTime": 1000,
      "trigger": 1
    },
    {
      "identifier": "channel/4/switch",
      "name": "第4通道开关",
      "accessMode": "rw",
      "collection": true,
      "desc": "function/channel_collection",
      "required": false,
      "dataType": {
        "type": "bool"
      },
      "originalDataType": {
        "specs": {
          "registerCount": 1,
          "reverseRegister": 0,
          "swap16": 0
        },
        "type": "bool"
      },
      "writeOnly": 0,
      "registerAddress": 4,
      "scaling": 1,
      "writeFunctionCode": 5,
      "operateType": "coilStatus",
      "pollingTime": 1000,
      "trigger": 1
    },
    {
      "identifier": "channel/1/current",
      "name": "第1通道电流",
      "accessMode": "r",
      "collection": true,
      "desc": "function/channel_collection",
      "required": false,
      "dataType": {
        "type": "double",
        "specs": {
          "min": 0,
          "max": 999999,
          "step": 1,
          "unit": "A",
          "unitName": "安培"
        }
      },
      "originalDataType": {
        "specs": {
          "registerCount": 2,
          "reverseRegister": 0,
          "swap16": 0
        },
        "type": "uint32"
      },
      "writeOnly": 0,
      "registerAddress": 30001,
      "scaling": 1000,
      "writeFunctionCode": 0,
      "operateType": "inputRegister",
      "pollingTime": 1000,
      "trigger": 1
    },
    {
      "identifier": "channel/2/current",
      "name": "第2通道电流",
      "accessMode": "r",
      "collection": true,
      "desc": "function/channel_collection",
      "required": false,
      "dataType": {
        "type": "double",
        "specs": {
          "min": 0,
          "max": 999999,
          "step": 1,
          "unit": "A",
          "unitName": "安培"
        }
      },
      "originalDataType": {
        "specs": {
          "registerCount": 2,
          "reverseRegister": 0,
          "swap16": 0
        },
        "type": "uint32"
      },
      "writeOnly": 0,
      "registerAddress": 30003,
      "scaling": 1000,
      "writeFunctionCode": 0,
      "operateType": "inputRegister",
      "pollingTime": 1000,
      "trigger": 1
    },
    {
      "identifier": "channel/3/current",
      "name": "第3通道电流",
      "accessMode": "r",
      "collection": true,
      "desc": "function/channel_collection",
      "required": false,
      "dataType": {
        "type": "double",
        "specs": {
          "min": 0,
          "max": 999999,
          "step": 1,
          "unit": "A",
          "unitName": "安培"
        }
      },
      "originalDataType": {
        "specs": {
          "registerCount": 2,
          "reverseRegister": 0,
          "swap16": 0
        },
        "type": "uint32"
      },
      "writeOnly": 0,
      "registerAddress": 30005,
      "scaling": 1000,
      "writeFunctionCode": 0,
      "operateType": "inputRegister",
      "pollingTime": 1000,
      "trigger": 1
    },
    {
      "identifier": "channel/4/current",
      "name": "第4通道电流",
      "accessMode": "r",
      "collection": true,
      "desc": "function/channel_collection",
      "required": false,
      "dataType": {
        "type": "double",
        "specs": {
          "min": 0,
          "max": 999999,
          "step": 1,
          "unit": "A",
          "unitName": "安培"
        }
      },
      "originalDataType": {
        "specs": {
          "registerCount": 2,
          "reverseRegister": 0,
          "swap16": 0
        },
        "type": "uint32"
      },
      "writeOnly": 0,
      "registerAddress": 30007,
      "scaling": 1000,
      "writeFunctionCode": 0,
      "operateType": "inputRegister",
      "pollingTime": 1000,
      "trigger": 1
    }
  ]
}
