{
  "profile": {
    "version": "1.0",
    "productKey": "testStdSenr",
    "name":"测试标准的rtu",
    "snType":[
	"standRtuSensor"
    ]
  },
  "mb_map":{
    "nb_bits":0,
    "start_bits":0,

    "nb_input_bits":0,
    "start_input_bits":0,

    "nb_registers":0,
    "start_registers":0,

    "nb_input_registers":2,
    "start_input_registers":1
  },
  "nodes": [
    {
      "identifier": "current_temp",
      "name": "当前温度",
      "accessMode": "r",
      "required": false,
      "dataType": {
        "type": "double",
        "specs": {
          "min": -7999,
          "max": 7999,
          "step": 1,
          "unit": "℃",
          "unitName": "摄氏度"
        }
      },
      "originalDataType": {
        "specs": {
          "registerCount": 1,
          "reverseRegister": 0,
          "swap16": 0
        },
        "type": "int16"
      },
      "writeOnly": 0,
      "registerAddress": 30001,
      "scaling": 10,
      "writeFunctionCode": 0,
      "operateType": "inputRegister",
      "pollingTime": 1000,
      "trigger": 1
    },
    {
      "identifier": "humidness",
      "name": "当前湿度",
      "accessMode": "r",
      "required": false,
      "dataType": {
        "type": "double",
        "specs": {
          "min": 0,
          "max": 100,
          "step": 1,
          "unit": "％"
        }
      },
      "originalDataType": {
        "specs": {
          "registerCount": 1,
          "reverseRegister": 0,
          "swap16": 0
        },
        "type": "uint16"
      },
      "writeOnly": 0,
      "registerAddress": 30002,
      "scaling": 1,
      "writeFunctionCode": 0,
      "operateType": "inputRegister",
      "pollingTime": 1000,
      "trigger": 1
    }
  ]
}
