{
  "profile": {
    "version": "1.0",
    "productKey": "tiaoguangmk",
    "name":"调光控制模块",
    "snType":[
	"31711020002",//P-ACT-1D1S2A-63
	"32011020002",//ESACT-1D1S2A-63
	"31711020007",//P-ACT-1D1S3A
	"32011020007" //ESACT-1D1S3A
    ]
  },
  "mb_map":{
    "nb_bits":0,
    "start_bits":0,

    "nb_input_bits":0,
    "start_input_bits":0,

    "nb_registers":2,
    "start_registers":1,

    "nb_input_registers":0,
    "start_input_registers":0
  },
  "nodes": [
    {
      "identifier": "switch_ch1",
      "name": "第1通道开关",
      "accessMode": "rw",
      "desc": "function",
      "required": false,
      "dataType": {
        "type": "bool"
      },
      "originalDataType": {
        "specs": {
          "registerCount": 1,
          "reverseRegister": 0,
          "swap16": 0
        },
        "type": "bool"
      },
      "writeOnly": 0,
      "registerAddress": 40001,
      "scaling": 1,
      "writeFunctionCode": 6,
      "operateType": "holdingRegister",
      "pollingTime": 1000,
      "trigger": 1
    },
    {
      "identifier": "diming",
      "name": "亮度",
      "accessMode": "rw",
      "desc": "function",
      "required": false,
      "dataType": {
        "type": "double",
        "specs": {
          "min": 0,
          "max": 100,
          "step": 1,
          "unit": "%"
        }
      },
      "originalDataType": {
        "specs": {
          "registerCount": 1,
          "reverseRegister": 0,
          "swap16": 0
        },
        "type": "uint16"
      },
      "writeOnly": 0,
      "registerAddress": 40002,
      "scaling": 1,
      "writeFunctionCode": 6,
      "operateType": "holdingRegister",
      "pollingTime": 1000,
      "trigger": 1
    }
  ]
}
