{
  "profile": {
    "version": "1.0",
    "productKey": "tiaoguangkz",
    "name":"调光控制器",
    "snType":[
	"31711020004",//P-ACT-2D2A-D35-63
	"32011020004",//ESACT-2D2A-D35-63
	"31711020008" //ESACT-2D2A-D35-A
    ]
  },
  "mb_map":{
    "nb_bits":0,
    "start_bits":0,

    "nb_input_bits":0,
    "start_input_bits":0,

    "nb_registers":4,
    "start_registers":1,

    "nb_input_registers":6,
    "start_input_registers":1
  },
  "nodes": [
    {
      "identifier": "diming_current_ch1",
      "name": "通道1当前亮度",
      "accessMode": "r",
      "desc": "function",
      "required": false,
      "dataType": {
        "type": "double",
        "specs": {
          "min": 0,
          "max": 100,
          "step": 1,
          "unit": "%"
        }
      },
      "originalDataType": {
        "specs": {
          "registerCount": 1,
          "reverseRegister": 0,
          "swap16": 0
        },
        "type": "uint16"
      },
      "writeOnly": 0,
      "registerAddress": 30001,
      "scaling": 1,
      "writeFunctionCode": 0,
      "operateType": "inputRegister",
      "pollingTime": 1000,
      "trigger": 1
    },
    {
      "identifier": "diming_current_ch2",
      "name": "通道2当前亮度",
      "accessMode": "r",
      "desc": "function",
      "required": false,
      "dataType": {
        "type": "double",
        "specs": {
          "min": 0,
          "max": 100,
          "step": 1,
          "unit": "%"
        }
      },
      "originalDataType": {
        "specs": {
          "registerCount": 1,
          "reverseRegister": 0,
          "swap16": 0
        },
        "type": "uint16"
      },
      "writeOnly": 0,
      "registerAddress": 30002,
      "scaling": 1,
      "writeFunctionCode": 0,
      "operateType": "inputRegister",
      "pollingTime": 1000,
      "trigger": 1
    },
    {
      "identifier": "fused_ch1",
      "name": "第1通道保险丝熔断告警",
      "accessMode": "r",
      "desc": "alarm",
      "required": false,
      "dataType": {
        "type": "bool"
      },
      "originalDataType": {
        "specs": {
          "registerCount": 1,
          "reverseRegister": 0,
          "swap16": 0
        },
        "type": "bool"
      },
      "writeOnly": 0,
      "registerAddress": 30003,
      "scaling": 1,
      "writeFunctionCode": 0,
      "operateType": "inputRegister",
      "pollingTime": 1000,
      "trigger": 1
    },
    {
      "identifier": "over_temperature_ch1",
      "name": "第1通道过温告警",
      "accessMode": "r",
      "desc": "alarm",
      "required": false,
      "dataType": {
        "type": "bool"
      },
      "originalDataType": {
        "specs": {
          "registerCount": 1,
          "reverseRegister": 0,
          "swap16": 0
        },
        "type": "bool"
      },
      "writeOnly": 0,
      "registerAddress": 30004,
      "scaling": 1,
      "writeFunctionCode": 0,
      "operateType": "inputRegister",
      "pollingTime": 1000,
      "trigger": 1
    },
    {
      "identifier": "fused_ch2",
      "name": "第2通道保险丝熔断告警",
      "accessMode": "r",
      "desc": "alarm",
      "required": false,
      "dataType": {
        "type": "bool"
      },
      "originalDataType": {
        "specs": {
          "registerCount": 1,
          "reverseRegister": 0,
          "swap16": 0
        },
        "type": "bool"
      },
      "writeOnly": 0,
      "registerAddress": 30005,
      "scaling": 1,
      "writeFunctionCode": 0,
      "operateType": "inputRegister",
      "pollingTime": 1000,
      "trigger": 1
    },
    {
      "identifier": "over_temperature_ch2",
      "name": "第2通道过温告警",
      "accessMode": "r",
      "desc": "alarm",
      "required": false,
      "dataType": {
        "type": "bool"
      },
      "originalDataType": {
        "specs": {
          "registerCount": 1,
          "reverseRegister": 0,
          "swap16": 0
        },
        "type": "bool"
      },
      "writeOnly": 0,
      "registerAddress": 30006,
      "scaling": 1,
      "writeFunctionCode": 0,
      "operateType": "inputRegister",
      "pollingTime": 1000,
      "trigger": 1
    },
    {
      "identifier": "switch_ch1",
      "name": "第1通道开关",
      "accessMode": "rw",
      "desc": "function",
      "required": false,
      "dataType": {
        "type": "bool"
      },
      "originalDataType": {
        "specs": {
          "registerCount": 1,
          "reverseRegister": 0,
          "swap16": 0
        },
        "type": "bool"
      },
      "writeOnly": 0,
      "registerAddress": 40001,
      "scaling": 1,
      "writeFunctionCode": 6,
      "operateType": "holdingRegister",
      "pollingTime": 1000,
      "trigger": 1
    },
    {
      "identifier": "diming_target_ch1",
      "name": "通道1目标亮度",
      "accessMode": "rw",
      "desc": "function",
      "required": false,
      "dataType": {
        "type": "double",
        "specs": {
          "min": 0,
          "max": 100,
          "step": 1,
          "unit": "%"
        }
      },
      "originalDataType": {
        "specs": {
          "registerCount": 1,
          "reverseRegister": 0,
          "swap16": 0
        },
        "type": "uint16"
      },
      "writeOnly": 0,
      "registerAddress": 40002,
      "scaling": 1,
      "writeFunctionCode": 6,
      "operateType": "holdingRegister",
      "pollingTime": 1000,
      "trigger": 1
    },
    {
      "identifier": "switch_ch2",
      "name": "第2通道开关",
      "accessMode": "rw",
      "desc": "function",
      "required": false,
      "dataType": {
        "type": "bool"
      },
      "originalDataType": {
        "specs": {
          "registerCount": 1,
          "reverseRegister": 0,
          "swap16": 0
        },
        "type": "bool"
      },
      "writeOnly": 0,
      "registerAddress": 40003,
      "scaling": 1,
      "writeFunctionCode": 6,
      "operateType": "holdingRegister",
      "pollingTime": 1000,
      "trigger": 1
    },
    {
      "identifier": "diming_target_ch2",
      "name": "通道2目标亮度",
      "accessMode": "rw",
      "desc": "function",
      "required": false,
      "dataType": {
        "type": "double",
        "specs": {
          "min": 0,
          "max": 100,
          "step": 1,
          "unit": "%"
        }
      },
      "originalDataType": {
        "specs": {
          "registerCount": 1,
          "reverseRegister": 0,
          "swap16": 0
        },
        "type": "uint16"
      },
      "writeOnly": 0,
      "registerAddress": 40004,
      "scaling": 1,
      "writeFunctionCode": 6,
      "operateType": "holdingRegister",
      "pollingTime": 1000,
      "trigger": 1
    }
  ]
}
